insee_com,lib_com,lib_cite1,lib_cite2,lib_cite3,lib_cite4,lib_cite5,annee_lab_cite1,annee_lab_cite2,annee_lab_cite3,annee_lab_cite4,annee_lab_cite5,mail_cite1,mail_cite2,mail_cite3,mail_cite4,mail_cite5,URL_cite1,URL_cite2,URL_cite3,URL_cite4,URL_cite5,QPV1_cite1,QPV2_cite1,QPV3_cite1,QPV4_cite1,QPV5_cite1,QPV6_cite1,QPV7_cite1,QPV8_cite1,QPV9_cite1,QPV10_cite1,QPV1_cite2,QPV2_cite2,QPV3_cite2,QPV4_cite2,QPV1_cite3,QPV1_cite4,QPV2_cite4,QPV3_cite4,QPV4_cite4,QPV1_cite5
2A004,Ajaccio,Ajaccio,,,,,2021,,,,,,,,,,,,,,,Salines,Les Jardins De l'Empereur,,,,,,,,,,,,,,,,,,
61001,Alençon,Alençon,,,,,2022,,,,,,,,,,,,,,,Perseigne,,,,,,,,,,,,,,,,,,,
72003,Allonnes,Allonnes,,,,,2019,,,,,,,,,,,,,,,Chaoué Perrières,,,,,,,,,,,,,,,,,,,
80021,Amiens,Amiens Nord,Amiens Étouvie,,,,2019,2022,,,,,,,,,,,,,,Amiens Nord,,,,,,,,,,Étouvie,,,,,,,,,
49007,Angers,Angers,,,,,2019,,,,,,,,,,,,,,,Monplaisir,,,,,,,,,,,,,,,,,,,
16015,Angoulême,Angoulême,,,,,2019,,,,,,,,,,,,,,,Basseau - Grande Garenne,Bel Air - La Grand Font,,,,,,,,,,,,,,,,,,
74012,Annemasse,Annemasse,,,,,2022,,,,,,,,,,,,,,,Le Perrier - Château Rouge - Livron,,,,,,,,,,,,,,,,,,,
95018,Argenteuil,Argenteuil,,,,,2021,,,,,,,,,,,,,,,Justice - Butte Blanche,Champioux,Brigadières - Henri Barbusse,Val D'Argent Nord,Val D'Argent Sud,Champagne,Joliot Curie,Centre Ville,,,,,,,,,,,,
62041,Arras,Arras,,,,,2019,,,,,,,,,,,,,,,Arras Ouest,Cheminots Jean Jaurès Moulin Hacart,,,,,,,,,,,,,,,,,,
93001,Aubervilliers,Aubervilliers,,,,,2021,,,,,,,,,,,,,,,Franc Moisin - Cosmonautes - Cristino Garcia - Landy,,,,,,,,,,,,,,,,,,,
93005,Aulnay-sous-Bois,Aulnay-sous-Bois,,,,,2019,,,,,,,,,,,,,,,Les Beaudottes,,,,,,,,,,,,,,,,,,,
84007,Avignon,Avignon,,,,,2019,,,,,,,,,,,,,,,Monclar Champfleury Rocade Sud Barbière Croix Des Oiseaux,Quartiers Nord Est,Quartier De Saint Chamand,,,,,,,,,,,,,,,,,
62065,Avion,Avion,,,,,2021,,,,,,,,,,,,,,,République - Cité 4,,,,,,,,,,,,,,,,,,,
97602,Bandraboua,Bandraboua,,,,,2021,,,,,,,,,,,,,,,Quartier Prioritaire De Dzoumogné,,,,,,,,,,,,,,,,,,,
97105,Basse-Terre,Basse-Terre / Baillif / Capesterre-Belle-Eau,,,,,2021,,,,,,,,,,,,,,,Bourg - Saint Robert - Cadet - Bois Raimbault- Jean Jaurès,Bologne - Rivière Des Pères - Calebassier - Pintade - Chevalier Saint Georges - Mallian,Le Bourg,Sarlassone Petit Pérou,Bananier - Haute Plaine,,,,,,,,,,,,,,,
97104,Baillif,Basse-Terre / Baillif / Capesterre-Belle-Eau,,,,,2021,,,,,,,,,,,,,,,Bourg - Saint Robert - Cadet - Bois Raimbault- Jean Jaurès,Bologne - Rivière Des Pères - Calebassier - Pintade - Chevalier Saint Georges - Mallian,Le Bourg,Sarlassone Petit Pérou,Bananier - Haute Plaine,,,,,,,,,,,,,,,
97107,Capesterre-Belle-Eau,Basse-Terre / Baillif / Capesterre-Belle-Eau,,,,,2021,,,,,,,,,,,,,,,Bourg - Saint Robert - Cadet - Bois Raimbault- Jean Jaurès,Bologne - Rivière Des Pères - Calebassier - Pintade - Chevalier Saint Georges - Mallian,Le Bourg,Sarlassone Petit Pérou,Bananier - Haute Plaine,,,,,,,,,,,,,,,
2B033,Bastia,Bastia,,,,,2021,,,,,,,,,,,,,,,Quartier Sud,Centre Ancien,,,,,,,,,,,,,,,,,,
64102,Bayonne,Bayonne,,,,,2022,,,,,,,,,,,,,,,Maubec - Citadelle,Hauts De Sainte Croix,,,,,,,,,,,,,,,,,,
60057,Beauvais,Beauvais,,,,,2021,,,,,,,,,,,,,,,Argentine,,,,,,,,,,,,,,,,,,,
57058,Behren-lès-Forbach,Behren-lès-Forbach,,,,,2019,,,,,,,,,,,,,,,La Cité,,,,,,,,,,,,,,,,,,,
90010,Belfort,Belfort,,,,,2021,,,,,,,,,,,,,,,Les Glacis Du Château,Résidences Le Mont,,,,,,,,,,,,,,,,,,
25056,Besançon,Besançon,,,,,2019,,,,,,,,,,,,,,,Planoise,,,,,,,,,,,,,,,,,,,
62119,Béthune,Béthune,,,,,2022,,,,,,,,,,,,,,,Quartier Du Mont Liébaut,Quartier De La Rue De Lille,,,,,,,,,,,,,,,,,,
59079,Beuvrages,Beuvrages / Bruay-sur-l'Escaut / Escautpont / Raismes,,,,,2022,,,,,,,,,,,,,,,Zone Intercommunale Rives De L'Escaut,Cité Thiers - Cité Du Rivage,Sabatier,Brunehaut,Arenberg,,,,,,,,,,,,,,,
59112,Bruay-sur-l'Escaut,Beuvrages / Bruay-sur-l'Escaut / Escautpont / Raismes,,,,,2022,,,,,,,,,,,,,,,Zone Intercommunale Rives De L'Escaut,Cité Thiers - Cité Du Rivage,Sabatier,Brunehaut,Arenberg,,,,,,,,,,,,,,,
59207,Escautpont,Beuvrages / Bruay-sur-l'Escaut / Escautpont / Raismes,,,,,2022,,,,,,,,,,,,,,,Zone Intercommunale Rives De L'Escaut,Cité Thiers - Cité Du Rivage,Sabatier,Brunehaut,Arenberg,,,,,,,,,,,,,,,
59491,Raismes,Beuvrages / Bruay-sur-l'Escaut / Escautpont / Raismes,,,,,2022,,,,,,,,,,,,,,,Zone Intercommunale Rives De L'Escaut,Cité Thiers - Cité Du Rivage,Sabatier,Brunehaut,Arenberg,,,,,,,,,,,,,,,
34032,Béziers,Béziers,,,,,2021,,,,,,,,,,,,,,,Centre Ville,,,,,,,,,,,,,,,,,,,
41018,Blois,Blois,,,,,2019,,,,,,,,,,,,,,,Kennedy - Coty - Croix Chevallier - Sarrazines,,,,,,,,,,,,,,,,,,,
93008,Bobigny,Bobigny,,,,,2022,,,,,,,,,,,,,,,Quartier Salengro - Gaston Roulaud - Centre Ville,,,,,,,,,,,,,,,,,,,
93010,Bondy,Bondy,,,,,2019,,,,,,,,,,,,,,,Abreuvoir - Bondy Nord - Bondy Centre - Pont-De-Bondy - La Sablière - Secteur Sud,,,,,,,,,,,,,,,,,,,
74042,Bonneville,Bonneville,,,,,2022,,,,,,,,,,,,,,,Bois Jolivet - Les Iles - Bellerive,,,,,,,,,,,,,,,,,,,
33063,Bordeaux,Bordeaux,,,,,2021,,,,,,,,,,,,,,,Le Lac,Grand-Parc,Bacalan,,,,,,,,,,,,,,,,,
62160,Boulogne-sur-Mer,Boulogne-sur-Mer,,,,,2019,,,,,,,,,,,,,,,Damrémont,Centre Ville,Chemin Vert - Beaurepaire - Malborough,,,,,,,,,,,,,,,,,
18033,Bourges,Bourges,,,,,2022,,,,,,,,,,,,,,,Bourges Nord,,,,,,,,,,,,,,,,,,,
29019,Brest,Brest,,,,,2022,,,,,,,,,,,,,,,Bellevue,Keredern,,,,,,,,,,,,,,,,,,
19031,Brive-la-Gaillarde,Brive-la-Gaillarde,,,,,2022,,,,,,,,,,,,,,,Rivet,Tujac,Les Chapélies,,,,,,,,,,,,,,,,,
69029,Bron,Bron,,,,,2022,,,,,,,,,,,,,,,Parilly,Terraillon - Chenier,,,,,,,,,,,,,,,,,,
62178,Bruay-la-Buissière,Bruay-la-Buissière,,,,,2022,,,,,,,,,,,,,,,Le Centre,,,,,,,,,,,,,,,,,,,
14118,Caen,Caen,,,,,2022,,,,,,,,,,,,,,,Chemin Vert,Grâce De Dieu,Guérinière,Pierre Heuzé,Calvaire Saint Pierre,,,,,,,,,,,,,,,
62193,Calais,Calais,,,,,2019,,,,,,,,,,,,,,,Fort Nieulay - Cailloux - Saint-Pierre,Beau Marais,,,,,,,,,,,,,,,,,,
84031,Carpentras,Carpentras,,,,,2021,,,,,,,,,,,,,,,Centre Ville,Amandier - Eléphants,Pous Du Plan,Quintine - Villemarie - Ubac - Le Parc,,,,,,,,,,,,,,,,
97302,Cayenne,Cayenne,,,,,2022,,,,,,,,,,,,,,,Anatole,Pasteur Voltaire,De Gaulle,Eau Lisette,Galmot,Village Chinois,Mango,Mirza,Centre-Ville Marché,Thémire,,,,,,,,,,
33119,Cenon,Cenon,,,,,2022,,,,,,,,,,,,,,,Benauge - Henri Sellier - Léo Lagrange,Palmer - Saraillère - 8 Mai 45 - Dravemont,,,,,,,,,,,,,,,,,,
95127,Cergy,Cergy,,,,,2022,,,,,,,,,,,,,,,Axe Majeur - Horloge,La Sébille,,,,,,,,,,,,,,,,,,
51108,Châlons-en-Champagne,Châlons-en-Champagne,,,,,2022,,,,,,,,,,,,,,,Quartier Prioritaire Ouest,Quartier Prioritaire Sud,,,,,,,,,,,,,,,,,,
73065,Chambéry,Chambéry,,,,,2022,,,,,,,,,,,,,,,Biollay - Bellevue,Les Hauts De Chambéry,,,,,,,,,,,,,,,,,,
94017,Champigny-sur-Marne,Champigny-sur-Marne / Chennevières-sur-Marne,,,,,2019,,,,,,,,,,,,,,,Le Bois L'Abbé,,,,,,,,,,,,,,,,,,,
94019,Chennevières-sur-Marne,Champigny-sur-Marne / Chennevières-sur-Marne,,,,,2019,,,,,,,,,,,,,,,Le Bois L'Abbé,,,,,,,,,,,,,,,,,,,
78138,Chanteloup-les-Vignes,Chanteloup-les-vignes,,,,,2019,,,,,,,,,,,,,,,Noe-Feucherets,,,,,,,,,,,,,,,,,,,
08105,Charleville-Mézières,Charleville-Mézières,,,,,2019,,,,,,,,,,,,,,,Ronde Couture,,,,,,,,,,,,,,,,,,,
36044,Châteauroux,Châteauroux,,,,,2021,,,,,,,,,,,,,,,Saint Jean - Saint Jacques,,,,,,,,,,,,,,,,,,,
86066,Châtellerault,Châtellerault,,,,,2021,,,,,,,,,,,,,,,Lac Renardières Ozon,,,,,,,,,,,,,,,,,,,
21166,Chenôve,Chenôve,,,,,2019,,,,,,,,,,,,,,,Le Mail,,,,,,,,,,,,,,,,,,,
63113,Clermont-Ferrand,Clermont-Ferrand,,,,,2021,,,,,,,,,,,,,,,La Gauthière,,,,,,,,,,,,,,,,,,,
93014,Clichy-sous-Bois,Clichy-sous-Bois,,,,,2019,,,,,,,,,,,,,,,Haut Clichy - Centre Ville - Bosquets - Lucien Noel,,,,,,,,,,,,,,,,,,,
68066,Colmar,Colmar,,,,,2022,,,,,,,,,,,,,,,Florimont - Bel Air,Europe - Schweitzer,,,,,,,,,,,,,,,,,,
92025,Colombes,Colombes,,,,,2022,,,,,,,,,,,,,,,Petit Colombes,,,,,,,,,,,,,,,,,,,
31149,Colomiers,Colomiers,,,,,2022,,,,,,,,,,,,,,,Val D'Aran - Poitou - Pyrénées,En Jacca,,,,,,,,,,,,,,,,,,
60159,Compiègne,Compiègne,,,,,2022,,,,,,,,,,,,,,,Vivier Corax,Clos Des Roses,,,,,,,,,,,,,,,,,,
91174,Corbeil-Essonnes,Corbeil-Essonnes,,,,,2019,,,,,,,,,,,,,,,Les Tarterêts,Montconseil,La Nacelle,Rive Droite,,,,,,,,,,,,,,,,
60175,Creil,Creil,,,,,2019,,,,,,,,,,,,,,,Les Hauts De Creil,,,,,,,,,,,,,,,,,,,
94028,Créteil,Créteil,,,,,2019,,,,,,,,,,,,,,,Mont Mesly - La Habette - Coteaux Du Sud,,,,,,,,,,,,,,,,,,,
59172,Denain,Denain,,,,,2019,,,,,,,,,,,,,,,Centre,Gambetta,,,,,,,,,,,,,,,,,,
21231,Dijon,Dijon,,,,,2022,,,,,,,,,,,,,,,Fontaine D'Ouche,Les Grésilles,,,,,,,,,,,,,,,,,,
59178,Douai,Douai / Waziers,,,,,2021,,,,,,,,,,,,,,,Résidence Gayant,Flers En Escrebieux Pont De La Deûle - Dorignies,Frais Marais,Notre Dame - La Clochette - Le Bivouac,Faubourg De Béthune,Haut Terroir - Le Vivier,,,,,,,,,,,,,,
59654,Waziers,Douai / Waziers,,,,,2021,,,,,,,,,,,,,,,Résidence Gayant,Flers En Escrebieux Pont De La Deûle - Dorignies,Frais Marais,Notre Dame - La Clochette - Le Bivouac,Faubourg De Béthune,Haut Terroir - Le Vivier,,,,,,,,,,,,,,
28134,Dreux,Dreux / Vernouillet,,,,,2019,,,,,,,,,,,,,,,Les Vauvettes,Les Bâtes Tabellionne,Les Rochelles - Barthou,Dunant - Kennedy,,,,,,,,,,,,,,,,
28404,Vernouillet,Dreux / Vernouillet,,,,,2019,,,,,,,,,,,,,,,Les Vauvettes,Les Bâtes Tabellionne,Les Rochelles - Barthou,Dunant - Kennedy,,,,,,,,,,,,,,,,
59183,Dunkerque,Dunkerque / Grande-Synthe,,,,,2021,,,,,,,,,,,,,,,Saint Pol Sur Mer Quartiers Ouest,Banc Vert - Ile Jeanty - Carré De La Vieille - Jeu De mail,Soubise - Basse Ville,Albeck - Europe - Moulin,,,,,,,,,,,,,,,,
59271,Grande-Synthe,Dunkerque / Grande-Synthe,,,,,2021,,,,,,,,,,,,,,,Saint Pol Sur Mer Quartiers Ouest,Banc Vert - Ile Jeanty - Carré De La Vieille - Jeu De mail,Soubise - Basse Ville,Albeck - Europe - Moulin,,,,,,,,,,,,,,,,
38151,Échirolles,Échirolles,,,,,2022,,,,,,,,,,,,,,,La Luire - Viscose,Essarts - Surieux,Village Sud,,,,,,,,,,,,,,,,,
76231,Elbeuf,Elbeuf-sur-Seine,,,,,2022,,,,,,,,,,,,,,,Centre Ville,,,,,,,,,,,,,,,,,,,
91215,Épinay-sous-Sénart,Épinay-sous-Sénart,,,,,2022,,,,,,,,,,,,,,,Plaine - Cinéastes,,,,,,,,,,,,,,,,,,,
93031,Épinay-sur-Seine,Épinay-sur-Seine,,,,,2021,,,,,,,,,,,,,,,Orgemont,La Source - Les Presles,,,,,,,,,,,,,,,,,,
27229,Évreux,Évreux,,,,,2022,,,,,,,,,,,,,,,La Madeleine,Nétreville,Navarre,,,,,,,,,,,,,,,,,
91228,Évry-Courcouronnes,Évry-Courcouronnes,,,,,2019,,,,,,,,,,,,,,,Le Canal,Pyramides - Bois Sauvage,,,,,,,,,,,,,,,,,,
57227,Forbach,Forbach,,,,,2022,,,,,,,,,,,,,,,Wiesberg Hommel,Bellevue,,,,,,,,,,,,,,,,,,
97209,Fort-de-France,Fort de France,,,,,2019,,,,,,,,,,,,,,,Quartiers Ouest,,,,,,,,,,,,,,,,,,,
59249,Fourmies,Fourmies,,,,,2022,,,,,,,,,,,,,,,Fourmies,,,,,,,,,,,,,,,,,,,
95268,Garges-lès-Gonesse,Garges-lès-Gonesse,,,,,2019,,,,,,,,,,,,,,,Dame Blanche,,,,,,,,,,,,,,,,,,,
92036,Gennevilliers,Gennevilliers,,,,,2019,,,,,,,,,,,,,,,Les Courtilles,,,,,,,,,,,,,,,,,,,
69091,Givors,Givors / Grigny,,,,,2021,,,,,,,,,,,,,,,Centre,Les Vernes,Les Plaines,Vallon,,,,,,,,,,,,,,,,
69096,Grigny,Givors / Grigny,,,,,2021,,,,,,,,,,,,,,,Centre,Les Vernes,Les Plaines,Vallon,,,,,,,,,,,,,,,,
95280,Goussainville,Goussainville,,,,,2021,,,,,,,,,,,,,,,Cottage Elargi,Grandes Bornes Elargies,,,,,,,,,,,,,,,,,,
38185,Grenoble,Grenoble,,,,,2022,,,,,,,,,,,,,,,Villeneuve - Village Olympique,Teisseire Abbaye Jouhaux Châtelet,,,,,,,,,,,,,,,,,,
91286,Grigny,Grigny,,,,,2019,,,,,,,,,,,,,,,La Grande Borne - Le Plateau,Grigny 2,,,,,,,,,,,,,,,,,,
59291,Hautmont,Hautmont / Louvroil / Neuf-Mesnil,,,,,2021,,,,,,,,,,,,,,,Bois Du Quesnoy,Long Prés - Prés Du Paradis,Quartier Intercommunal Sous-Le Bois Montplaisir Rue D'Hautmont,,,,,,,,,,,,,,,,,
59365,Louvroil,Hautmont / Louvroil / Neuf-Mesnil,,,,,2021,,,,,,,,,,,,,,,Bois Du Quesnoy,Long Prés - Prés Du Paradis,Quartier Intercommunal Sous-Le Bois Montplaisir Rue D'Hautmont,,,,,,,,,,,,,,,,,
59424,Neuf-Mesnil,Hautmont / Louvroil / Neuf-Mesnil,,,,,2021,,,,,,,,,,,,,,,Bois Du Quesnoy,Long Prés - Prés Du Paradis,Quartier Intercommunal Sous-Le Bois Montplaisir Rue D'Hautmont,,,,,,,,,,,,,,,,,
14327,Hérouville-Saint-Clair,Hérouville Saint-Clair,,,,,2019,,,,,,,,,,,,,,,Grande Delle - Val - Belles Portes - Grand Parc - Haute Folie,,,,,,,,,,,,,,,,,,,
83069,Hyères,Hyères,,,,,2022,,,,,,,,,,,,,,,Centre Ville,Val Des Rougières,,,,,,,,,,,,,,,,,,
59324,Jeumont,Jeumont,,,,,2022,,,,,,,,,,,,,,,Centre Lambreçon,,,,,,,,,,,,,,,,,,,
89206,Joigny,Joigny,,,,,2022,,,,,,,,,,,,,,,La Madeleine,,,,,,,,,,,,,,,,,,,
37122,Joué-lès-Tours,Joué-lès-Tours,,,,,2021,,,,,,,,,,,,,,,Rabière,,,,,,,,,,,,,,,,,,,
97304,Kourou,Kourou,,,,,2022,,,,,,,,,,,,,,,Eldo,L'Anse,Mairie-Bourg,,,,,,,,,,,,,,,,,
10081,La Chapelle-Saint-Luc,La Chapelle-Saint-Luc / Les Noës,,,,,2021,,,,,,,,,,,,,,,Chantereigne Montvilliers Beau-Toquat,,,,,,,,,,,,,,,,,,,
10265,Les Noës-près-Troyes,La Chapelle-Saint-Luc / Les Noës,,,,,2021,,,,,,,,,,,,,,,Chantereigne Montvilliers Beau-Toquat,,,,,,,,,,,,,,,,,,,
93027,La Courneuve,La Courneuve,,,,,2019,,,,,,,,,,,,,,,Franc Moisin - Cosmonautes - Cristino Garcia - Landy,,,,,,,,,,,,,,,,,,,
17300,La Rochelle,La Rochelle,,,,,2022,,,,,,,,,,,,,,,Mireuil,Villeneuve-Les-Salines,,,,,,,,,,,,,,,,,,
83126,La Seyne-sur-Mer,La Seyne-sur-mer,,,,,2019,,,,,,,,,,,,,,,Berthe,Centre Ville,,,,,,,,,,,,,,,,,,
02408,Laon,Laon,,,,,2022,,,,,,,,,,,,,,,Montreuil,Champagne Moulin - Roux,,,,,,,,,,,,,,,,,,
76351,Le Havre,Le Havre Nord,Le Havre Sud,,,,2019,2021,,,,,,,,,,,,,,Mont Gaillard,Bois-De-Bléville,,,,,,,,,Centre Ancien - Quartiers Sud,,,,,,,,,
72181,Le Mans,Le Mans,,,,,2021,,,,,,,,,,,,,,,Ronceray Glonnières Vauguyon,Les Sablons,,,,,,,,,,,,,,,,,,
97117,Le Moule,Le Moule,,,,,2022,,,,,,,,,,,,,,,Champ Grille 2,Le Bourg,,,,,,,,,,,,,,,,,,
97407,Le Port,Le Port,,,,,2019,,,,,,,,,,,,,,,4ème Couronne,1ère et 2ème Couronne,,,,,,,,,,,,,,,,,,
97422,Le Tampon,Le Tampon,,,,,2022,,,,,,,,,,,,,,,La Châtoire,Les Trois Mares,Les Araucarias,Centre-ville,,,,,,,,,,,,,,,,
62498,Lens,Lens,,,,,2019,,,,,,,,,,,,,,,Cité 12-14,Grande Résidence,,,,,,,,,,,,,,,,,,
97101,Les Abymes,Les Abymes / Pointe-à-Pitre,,,,,2019,,,,,,,,,,,,,,,Chemin Neuf Carénage Darboussier,,,,,,,,,,,,,,,,,,,
97120,Pointe-à-Pitre,Les Abymes / Pointe-à-Pitre,,,,,2019,,,,,,,,,,,,,,,Chemin Neuf Carénage Darboussier,,,,,,,,,,,,,,,,,,,
78440,Les Mureaux,Les Mureaux,,,,,2019,,,,,,,,,,,,,,,Cinq Quartiers,,,,,,,,,,,,,,,,,,,
11203,Lézignan-Corbières,Lézignan-Corbières,,,,,2022,,,,,,,,,,,,,,,Centre Ville,,,,,,,,,,,,,,,,,,,
62510,Liévin,Liévin,,,,,2021,,,,,,,,,,,,,,,Calonne - Marichelles - Vent De Bise,Les Hauts De Liévin - Résidence Des Provinces - Cités 9-9bis,Blum - Salengro - 109,,,,,,,,,,,,,,,,,
59350,Lille,Lille Sud,Lille Nord Est,,,,2019,2022,,,,,,,,,,,,,,Secteur Sud,,,,,,,,,,Secteur Nord Est,,,,,,,,,
78335,Limay,Limay,,,,,2022,,,,,,,,,,,,,,,Centre-Sud,,,,,,,,,,,,,,,,,,,
87085,Limoges,Limoges,,,,,2022,,,,,,,,,,,,,,,Beaubreuil,,,,,,,,,,,,,,,,,,,
38193,L'Isle-d'Abeau,L'isle-d'Abeau / Villefontaine,,,,,2022,,,,,,,,,,,,,,,Saint Hubert,Saint Bonnet,Les Roches,,,,,,,,,,,,,,,,,
38553,Villefontaine,L'isle-d'Abeau / Villefontaine,,,,,2022,,,,,,,,,,,,,,,Saint Hubert,Saint Bonnet,Les Roches,,,,,,,,,,,,,,,,,
59360,Loos,Loos,,,,,2022,,,,,,,,,,,,,,,Les Oliveaux,,,,,,,,,,,,,,,,,,,
33249,Lormont,Lormont,,,,,2019,,,,,,,,,,,,,,,Carriet,Génicart Est,Alpilles-Vincennes-Bois Fleuri,,,,,,,,,,,,,,,,,
34145,Lunel,Lunel,,,,,2022,,,,,,,,,,,,,,,Centre Et Périphérie,,,,,,,,,,,,,,,,,,,
69123,Lyon,Lyon 8e,,,,,2019,,,,,,,,,,,,,,,Etats-Unis - Langlet Santy,Mermoz,,,,,,,,,,,,,,,,,,
97611,Mamoudzou,Mamoudzou,,,,,2019,,,,,,,,,,,,,,,Quartier Prioritaire De Kawéni,,,,,,,,,,,,,,,,,,,
78361,Mantes-la-Jolie,Mantes-la-Jolie,,,,,2019,,,,,,,,,,,,,,,Val Fourré,,,,,,,,,,,,,,,,,,,
78362,Mantes-la-Ville,Mantes-la-Ville,,,,,2022,,,,,,,,,,,,,,,Merisiers Plaisances,Domaine De La Vallée,,,,,,,,,,,,,,,,,,
13055,Marseille,Marseille Centre ville,Marseille Malpassé Corot,Marseille Nord Littoral,Marseille Bon Secours Les Rosiers,Marseille Les Docks,2019,2019,2019,2022,2022,,,,,,,,,,,Centre Ville Canet Arnavaux Jean Jaurès,,,,,,,,,,Malpassé Corot,,,,La Castellane La Bricarde Plan D'Aou Saint Antoine,Bon Secours Les Rosiers Marine Bleue Grand Saint Barthélémy Saint Jérôme,,,,Centre Ville Canet Arnavaux Jean Jaurès
59392,Maubeuge,Maubeuge,,,,,2019,,,,,,,,,,,,,,,L'Epinette,Quartier Intercommunal Sous-Le Bois Montplaisir Rue D'Hautmont,,,,,,,,,,,,,,,,,,
77284,Meaux,Meaux,,,,,2021,,,,,,,,,,,,,,,Beauval Dunant,,,,,,,,,,,,,,,,,,,
77288,Melun,Melun / Le Mée-sur-Seine,,,,,2019,,,,,,,,,,,,,,,Les Courtilleraie - Le Circé,Plateau De Corbeil - Plein-ciel,L'Almont,,,,,,,,,,,,,,,,,
77285,Le Mée-sur-Seine,Melun / Le Mée-sur-Seine,,,,,2019,,,,,,,,,,,,,,,Les Courtilleraie - Le Circé,Plateau De Corbeil - Plein-ciel,L'Almont,,,,,,,,,,,,,,,,,
57463,Metz,Metz,,,,,2021,,,,,,,,,,,,,,,Borny,,,,,,,,,,,,,,,,,,,
13063,Miramas,Miramas,,,,,2021,,,,,,,,,,,,,,,La Carraire,La Maille,,,,,,,,,,,,,,,,,,
60414,Montataire,Montataire,,,,,2021,,,,,,,,,,,,,,,Les Martinets,,,,,,,,,,,,,,,,,,,
25388,Montbéliard,Montbéliard / Béthoncourt,,,,,2019,,,,,,,,,,,,,,,Champvallon,Petite Hollande,,,,,,,,,,,,,,,,,,
25057,Béthoncourt,Montbéliard / Béthoncourt,,,,,2019,,,,,,,,,,,,,,,Champvallon,Petite Hollande,,,,,,,,,,,,,,,,,,
77305,Montereau-Fault-Yonne,Montereau-Fault-Yonne,,,,,2022,,,,,,,,,,,,,,,Surville,,,,,,,,,,,,,,,,,,,
34172,Montpellier,Montpellier,,,,,2019,,,,,,,,,,,,,,,Mosson,,,,,,,,,,,,,,,,,,,
68224,Mulhouse,Mulhouse Les Coteaux,Mulhouse Bourtzwiller,,,,2019,2022,,,,,,,,,,,,,,Quartier Les Coteaux,,,,,,,,,,Quartier De Bourtzwiller,,,,,,,,,
54395,Nancy,Nancy / Laxou / Maxéville,,,,,2019,,,,,,,,,,,,,,,Plateau De Haye - Champ Le Boeuf,Plateau De Haye Nancy - Maxéville,,,,,,,,,,,,,,,,,,
54304,Laxou,Nancy / Laxou / Maxéville,,,,,2019,,,,,,,,,,,,,,,Plateau De Haye - Champ Le Boeuf,Plateau De Haye Nancy - Maxéville,,,,,,,,,,,,,,,,,,
54357,Maxéville,Nancy / Laxou / Maxéville,,,,,2019,,,,,,,,,,,,,,,Plateau De Haye - Champ Le Boeuf,Plateau De Haye Nancy - Maxéville,,,,,,,,,,,,,,,,,,
92050,Nanterre,Nanterre,,,,,2021,,,,,,,,,,,,,,,Le Parc,,,,,,,,,,,,,,,,,,,
44109,Nantes,Nantes / Saint-Herblain,,,,,2019,,,,,,,,,,,,,,,Bellevue,,,,,,,,,,,,,,,,,,,
44162,Saint-Herblain,Nantes / Saint-Herblain,,,,,2019,,,,,,,,,,,,,,,Bellevue,,,,,,,,,,,,,,,,,,,
58194,Nevers,Nevers,,,,,2022,,,,,,,,,,,,,,,Grande Pâture - Les Montôts,Le Banlay,Les Bords De Loire,La Baratte - Les Courlis,,,,,,,,,,,,,,,,
06088,Nice,Nice / Saint-Laurent-du-Var,,,,,2019,,,,,,,,,,,,,,,Les Moulins - Le Point Du Jour,,,,,,,,,,,,,,,,,,,
06123,Saint-Laurent-du-Var,Nice / Saint-Laurent-du-Var,,,,,2019,,,,,,,,,,,,,,,Les Moulins - Le Point Du Jour,,,,,,,,,,,,,,,,,,,
30189,Nîmes,Nîmes,,,,,2019,,,,,,,,,,,,,,,Pissevin - Valdegour,,,,,,,,,,,,,,,,,,,
77337,Noisiel,Noisiel / Torcy,,,,,2022,,,,,,,,,,,,,,,Les Deux Parcs-Luzard,L'Arche Guedon,Le Mail,,,,,,,,,,,,,,,,,
77468,Torcy,Noisiel / Torcy,,,,,2022,,,,,,,,,,,,,,,Les Deux Parcs-Luzard,L'Arche Guedon,Le Mail,,,,,,,,,,,,,,,,,
45234,Orléans,Orléans,,,,,2019,,,,,,,,,,,,,,,La Source,Argonne,,,,,,,,,,,,,,,,,,
94054,Orly,Orly,,,,,2019,,,,,,,,,,,,,,,Quartier Est,,,,,,,,,,,,,,,,,,,
01283,Oyonnax,Oyonnax / Bellignat,,,,,2021,,,,,,,,,,,,,,,La Plaine - La Forge,Pré Des Saules,,,,,,,,,,,,,,,,,,
01031,Bellignat,Oyonnax / Bellignat,,,,,2021,,,,,,,,,,,,,,,La Plaine - La Forge,Pré Des Saules,,,,,,,,,,,,,,,,,,
93055,Pantin,Pantin,,,,,2021,,,,,,,,,,,,,,,Quatre Chemins,,,,,,,,,,,,,,,,,,,
75056,Paris,Paris 19,Paris 20,Paris 14,Paris 18,,2019,2019,2022,2022,,,,,,,,,,,,Stalingrad Riquet,Michelet - Alphonse Karr - Rue de Nantes,,,,,,,,,Les Portes Du Vingtième,,,,Didot - Porte de Vanves,Porte Montmartre - Porte Des Poissonniers - Moskova,La Chapelle - Evangile,Goutte D'Or,Porte De La Chapelle - Charles Hermite,
64445,Pau,Pau,,,,,2019,,,,,,,,,,,,,,,Saragosse,Ousse Des Bois,,,,,,,,,,,,,,,,,,
66136,Perpignan,Perpignan,,,,,2019,,,,,,,,,,,,,,,Quartier Saint Assiscle,Quartier Gare,Quartier Bas-Vernet Ancien Zus,Diagonale Du Haut - Moyen-Vernet,Bas-Vernet Nouveau QPV,Quartier Centre Ancien,Quartier Champs De Mars,,,,,,,,,,,,,
97615,Pamandzi,Petite Terre (Pamandzi / Dzaoudzi),,,,,2022,,,,,,,,,,,,,,,Quartier De La Vigie,,,,,,,,,,,,,,,,,,,
97608,Dzaoudzi,Petite Terre (Pamandzi / Dzaoudzi),,,,,2022,,,,,,,,,,,,,,,Quartier De La Vigie,,,,,,,,,,,,,,,,,,,
78490,Plaisir,Plaisir,,,,,2022,,,,,,,,,,,,,,,Valibout,,,,,,,,,,,,,,,,,,,
78498,Poissy,Poissy,,,,,2021,,,,,,,,,,,,,,,Beauregard,Saint Exupéry,,,,,,,,,,,,,,,,,,
86194,Poitiers,Poitiers,,,,,2022,,,,,,,,,,,,,,,Couronneries,,,,,,,,,,,,,,,,,,,
13077,Port-de-Bouc,Port-de-bouc,,,,,2019,,,,,,,,,,,,,,,Les Aigues Douces,Les Comtes,,,,,,,,,,,,,,,,,,
51454,Reims,Reims Croix Rouge,Reims Orgeval Walbaum,,,,2019,2022,,,,,,,,,,,,,,Croix Rouge,,,,,,,,,,Orgeval,Walbaum,,,,,,,,
35238,Rennes,Rennes Le Blosne,Rennes Maurepas,Rennes Villejean,,,2019,2022,2022,,,,,,,,,,,,,Le Blosne,,,,,,,,,,Maurepas ,,,,Villejean,,,,,
69286,Rillieux-la-Pape,Rillieux-la-Pape,,,,,2019,,,,,,,,,,,,,,,Ville Nouvelle,,,,,,,,,,,,,,,,,,,
91521,Ris-Orangis,Ris-Orangis,,,,,2022,,,,,,,,,,,,,,,Le Plateau,,,,,,,,,,,,,,,,,,,
93063,Romainville,Romainville,,,,,2022,,,,,,,,,,,,,,,Trois Communes - Fabien,Quartier de L'Horloge,,,,,,,,,,,,,,,,,,
59512,Roubaix,Roubaix,,,,,2019,,,,,,,,,,,,,,,Quartier Intercommunal Roubaix-Tourcoing - Blanc Seau - Croix Bas Saint Pierre,,,,,,,,,,,,,,,,,,,
76540,Rouen,Rouen,,,,,2019,,,,,,,,,,,,,,,Les Hauts De Rouen,,,,,,,,,,,,,,,,,,,
97410,Saint-Benoît,Saint-Benoît,,,,,2021,,,,,,,,,,,,,,,Rive Droite de Saint-Benoît,,,,,,,,,,,,,,,,,,,
39478,Saint-Claude,Saint-Claude,,,,,2022,,,,,,,,,,,,,,,Les Avignonnets,Chabot - Le Miroir,,,,,,,,,,,,,,,,,,
93066,Saint-Denis,Saint-Denis,,,,,2021,,,,,,,,,,,,,,,Franc Moisin - Cosmonautes - Cristino Garcia - Landy,Floréal Saussaie Allende,,,,,,,,,,,,,,,,,,
52448,Saint-Dizier,Saint-Dizier,,,,,2022,,,,,,,,,,,,,,,Vert-Bois,,,,,,,,,,,,,,,,,,,
91549,Sainte-Geneviève-des-Bois,Sainte-Geneviève-des-Bois / Saint-Michel-sur-Orge / Fleury-Merogis,,,,,2022,,,,,,,,,,,,,,,Le Bois Des Roches,Les Aunettes,La Grange Aux Cerfs,Les Aunettes,,,,,,,,,,,,,,,,
91570,Saint-Michel-sur-Orge,Sainte-Geneviève-des-Bois / Saint-Michel-sur-Orge / Fleury-Merogis,,,,,2022,,,,,,,,,,,,,,,Le Bois Des Roches,Les Aunettes,La Grange Aux Cerfs,Les Aunettes,,,,,,,,,,,,,,,,
91235,Fleury-Mérogis,Sainte-Geneviève-des-Bois / Saint-Michel-sur-Orge / Fleury-Merogis,,,,,2022,,,,,,,,,,,,,,,Le Bois Des Roches,Les Aunettes,La Grange Aux Cerfs,Les Aunettes,,,,,,,,,,,,,,,,
97129,Sainte-Rose,Sainte-Rose,,,,,2022,,,,,,,,,,,,,,,Le Bourg,La Boucan,,,,,,,,,,,,,,,,,,
42218,Saint-Étienne,Saint-Etienne Tarentaize Beaubrun,Saint-Etienne Montreynaud,,,,2019,2022,,,,,,,,,,,,,,Tarentaize Beaubrun,,,,,,,,,,Montreynaud,,,,,,,,,
76575,Saint-Étienne-du-Rouvray,Saint-Etienne-du-Rouvray,,,,,2019,,,,,,,,,,,,,,,Quartier Château Blanc,,,,,,,,,,,,,,,,,,,
97311,Saint-Laurent-du-Maroni,Saint-Laurent-du-Maroni,,,,,2021,,,,,,,,,,,,,,,Balate-Charbonnière,Centre Ville,Fatima - Route De Mana,RN1-Les Sables Blancs,Saint-Jean,Saint-Maurice,,,,,,,,,,,,,,
97414,Saint-Louis,Saint-Louis,,,,,2022,,,,,,,,,,,,,,,Le Gol,Centre Ville,Roche Maigre,,,,,,,,,,,,,,,,,
97801,Saint-Martin,Saint-Martin,,,,,2022,,,,,,,,,,,,,,,Sandy-Ground,,,,,,,,,,,,,,,,,,,
44184,Saint-Nazaire,Saint-Nazaire,,,,,2019,,,,,,,,,,,,,,,Ville Ouest,,,,,,,,,,,,,,,,,,,
93070,Saint-Ouen-sur-Seine,Saint-Ouen,,,,,2022,,,,,,,,,,,,,,,Cordon,Michelet - Les Puces - Debain,,,,,,,,,,,,,,,,,,
97416,Saint-Pierre,Saint-Pierre,,,,,2022,,,,,,,,,,,,,,,Bois D'Olives,,,,,,,,,,,,,,,,,,,
02691,Saint-Quentin,Saint-Quentin,,,,,2019,,,,,,,,,,,,,,,Europe,,,,,,,,,,,,,,,,,,,
95585,Sarcelles,Sarcelles,,,,,2019,,,,,,,,,,,,,,,Lochères,Rosiers Chantepie,Village - Mozart,,,,,,,,,,,,,,,,,
78586,Sartrouville,Sartrouville,,,,,2022,,,,,,,,,,,,,,,Plateau,Vieux Pays,,,,,,,,,,,,,,,,,,
08409,Sedan,Sedan,,,,,2022,,,,,,,,,,,,,,,Le Lac - Centre Ancien,,,,,,,,,,,,,,,,,,,
34301,Sète,Sète,,,,,2021,,,,,,,,,,,,,,,Ile De Thau,Centre Ville - Ile Sud,,,,,,,,,,,,,,,,,,
93071,Sevran,Sevran,,,,,2019,,,,,,,,,,,,,,,Les Beaudottes,,,,,,,,,,,,,,,,,,,
02722,Soissons,Soissons,,,,,2021,,,,,,,,,,,,,,,Saint-Crépin Ouest,Presles,Chevreux,,,,,,,,,,,,,,,,,
16374,Soyaux,Soyaux,,,,,2021,,,,,,,,,,,,,,,Champ De Manoeuvre,,,,,,,,,,,,,,,,,,,
67482,Strasbourg,Strasbourg Neuhof - Elsau,Strasbourg Hautepierre,,,,2019,2021,,,,,,,,,,,,,,Elsau,Neuhof - Meinau,,,,,,,,,Hautepierre,,,,,,,,,
47310,Tonneins,Tonneins,,,,,2022,,,,,,,,,,,,,,,Coeur De ville,,,,,,,,,,,,,,,,,,,
83137,Toulon,Toulon Est,Toulon Ouest,,,,2021,2022,,,,,,,,,,,,,,Beaulieu- Sainte Marie,Sainte Musse,,,,,,,,,La Beaucaire,La Florane,Pontcarral,Le Jonquet- La Baume- Le Guynemer,,,,,,
31555,Toulouse,Toulouse Grand Mirail,Toulouse Les Izards,,,,2019,2021,,,,,,,,,,,,,,Grand Mirail,,,,,,,,,,Les Izards - La Vache,,,,,,,,,
59599,Tourcoing,Tourcoing Nord Est,Tourcoing Sud,,,,2019,2022,,,,,,,,,,,,,,Virolois,La Bourgogne,,,,,,,,,Quartier Intercommunal Roubaix-Tourcoing - Blanc Seau - Croix Bas Saint Pierre,Phalempins,Epidéme Villas Couteaux,,,,,,,
37261,Tours,Tours,,,,,2022,,,,,,,,,,,,,,,Sanitas,,,,,,,,,,,,,,,,,,,
78621,Trappes,Trappes,,,,,2019,,,,,,,,,,,,,,,Merisiers-Plaine De Neauphle,,,,,,,,,,,,,,,,,,,
49353,Trélazé,Trélazé,,,,,2021,,,,,,,,,,,,,,,Le Grand Bellevue,,,,,,,,,,,,,,,,,,,
27701,Val,Val-de-Reuil,,,,,2022,,,,,,,,,,,,,,,Centre Ville,,,,,,,,,,,,,,,,,,,
59606,Valenciennes,Valenciennes / Anzin,,,,,2019,,,,,,,,,,,,,,,Verrerie - Square République,Zone Intercommunale Rives De L'Escaut,Dutemple Chasse Royale Saint Waast - La Sentinelle,,,,,,,,,,,,,,,,,
59014,Anzin,Valenciennes / Anzin,,,,,2019,,,,,,,,,,,,,,,Verrerie - Square République,Zone Intercommunale Rives De L'Escaut,Dutemple Chasse Royale Saint Waast - La Sentinelle,,,,,,,,,,,,,,,,,
94074,Valenton,Valenton,,,,,2022,,,,,,,,,,,,,,,Polognes-Centre Ville - Le Plateau - Saint-Martin,Lutèce- Bergerie,,,,,,,,,,,,,,,,,,
69256,Vaulx,Vaulx-en-Velin,,,,,2019,,,,,,,,,,,,,,,Grande Île,,,,,,,,,,,,,,,,,,,
69259,Vénissieux,Vénissieux / Saint-Fons,,,,,2019,,,,,,,,,,,,,,,Minguettes - Clochettes,,,,,,,,,,,,,,,,,,,
69199,Saint-Fons,Vénissieux / Saint-Fons,,,,,2019,,,,,,,,,,,,,,,Minguettes - Clochettes,,,,,,,,,,,,,,,,,,,
69264,Villefranche-sur-Saône,Villefranche-sur-Saône / Gleizé / Limas,,,,,2022,,,,,,,,,,,,,,,Le Garet,Béligny,Belleroche,,,,,,,,,,,,,,,,,
69092,Gleizé,Villefranche-sur-Saône / Gleizé / Limas,,,,,2022,,,,,,,,,,,,,,,Le Garet,Béligny,Belleroche,,,,,,,,,,,,,,,,,
69115,Limas,Villefranche-sur-Saône / Gleizé / Limas,,,,,2022,,,,,,,,,,,,,,,Le Garet,Béligny,Belleroche,,,,,,,,,,,,,,,,,
92078,Villeneuve,Villeneuve-La-Garenne,,,,,2022,,,,,,,,,,,,,,,AIRE 2029,,,,,,,,,,,,,,,,,,,
94078,Villeneuve,Villeneuve-Saint-Georges,,,,,2021,,,,,,,,,,,,,,,Le Quartier Nord,,,,,,,,,,,,,,,,,,,
69266,Villeurbanne,Villeurbanne,,,,,2022,,,,,,,,,,,,,,,Monod,Les Buers Sud,Bel Air - Les Brosses,Saint-Jean,Les Buers Nord,Tonkin,,,,,,,,,,,,,,
95680,Villiers,Villiers-le-Bel,,,,,2019,,,,,,,,,,,,,,,Carreaux - Fauconnière - Marronniers - Pôle Gare,Village - Le Puits La Marlière - Derrière Les Murs De Monseigneur,,,,,,,,,,,,,,,,,,
13117,Vitrolles,Vitrolles,,,,,2021,,,,,,,,,,,,,,,Secteur Centre,La Frescoule,,,,,,,,,,,,,,,,,,